Link,Status Code
javascript:ajaxNews1055('/ajax/module.aspx?spm_id=1055&type=162&IsAjax=true'),Error
https://korrespondent.net/user/66579618/activity/,200
javascript:ajaxNews1055('/ajax/module.aspx?spm_id=1055&type=85&ord=162;86;85&IsAjax=true'),Error
https://uasp.korrespondent.net/ua.html,200
javascript:ajaxNews1055('/ajax/module.aspx?spm_id=1055&type=910&ord=162;86;910&IsAjax=true'),Error
https://kor.ill.in.ua/m/400x253/4269400.jpg,200
javascript:ajaxNews1055('/ajax/module.aspx?spm_id=1055&type=105&ord=162;86;105&IsAjax=true'),Error
javascript:ajaxNews1055('/ajax/module.aspx?spm_id=1055&type=1004&ord=162;86;1004&IsAjax=true'),Error
http://files.korrespondent.net/,523
javascript:ajaxNews1064('/ajax/module.aspx?spm_id=1064&tsel=1&roi=&IsAjax=true'),Error
https://kor.ill.in.ua/m/400x253/4269386.jpg,200
javascript:ajaxNews1055('/ajax/module.aspx?spm_id=1055&type=86&IsAjax=true'),Error
https://blogs.korrespondent.net/Default.aspx?page_id=118&lang=ua,200
https://korrespondent.net/,200
https://www.facebook.com/korrespondent.net,200
https://korrespondent.net/user/66579562/activity/,200
https://korrespondent.net,200
https://kor.ill.in.ua/m/400x253/4269413.jpg,200
https://blogs.korrespondent.net/blog/business/4731889/,200
https://twitter.com/korrespondent,403
javascript:ajaxNews1064('/ajax/module.aspx?spm_id=1064&tsel=0&roi=&IsAjax=true'),Error
javascript:ajaxNews1055('/ajax/module.aspx?spm_id=1055&type=1972&ord=162;86;1972&IsAjax=true'),Error
https://blogs.korrespondent.net/blog/politics/4729689/,200
javascript:ajaxNews1055('/ajax/module.aspx?spm_id=1055&type=931&IsAjax=true'),Error
https://blogs.korrespondent.net/blog/politics/4733355/,200
javascript:void(0),Error
https://kor.ill.in.ua/m/400x253/4269397.jpg,200
http://subscribe.korrespondent.net/,Error
javascript:ajaxNews1055('/ajax/module.aspx?spm_id=1055&type=92&ord=162;86;92&IsAjax=true'),Error
http://pay.korrespondent.net/?lang=ua,525
https://kor.ill.in.ua/m/400x253/4269134.jpg,200
https://korrespondent.net/user/66503941/activity/,200
javascript:ajaxNews1055('/ajax/module.aspx?spm_id=1055&type=-1&IsAjax=true'),Error
